<application>
  <component name="aminer-codegeex">
    <option name="askCodegeexLanguageEnum" value="zh-CN" />
    <option name="telemetryEnabled" value="true" />
    <option name="telemetryConfigured" value="true" />
    <option name="sessionId" value="055185ed-60d8-4062-9b5f-2a9fbb57e24f" />
    <option name="userId" value="6af333ee03734621a5eeb93a04b8ab4a" />
    <option name="userName" value="flower0wine" />
    <option name="source" value="github" />
    <option name="sourceId" value="98141596" />
    <option name="lastPluginVersion" value="2.0.0" />
  </component>
</application>