<application>
  <component name="aminer-codegeex">
    <option name="askCodegeexLanguageEnum" value="zh-CN" />
    <option name="telemetryConfigured" value="true" />
    <option name="enableCompletions" value="false" />
    <option name="checkForUpdate" value="false" />
    <option name="sessionId" value="7087d86a-1f38-4707-9498-d2535dd04dba" />
    <option name="userId" value="6af333ee03734621a5eeb93a04b8ab4a" />
    <option name="userName" value="flower0wine" />
    <option name="source" value="github" />
    <option name="sourceId" value="98141596" />
    <option name="lastPluginVersion" value="2.0.0" />
  </component>
</application>