<application>
  <component name="BaseRefactoringSettings">
    <option name="MOVE_SEARCH_FOR_REFERENCES_FOR_FILE" value="false" />
  </component>
  <component name="RefactoringSettings">
    <option name="RENAME_SEARCH_IN_COMMENTS_FOR_CLASS" value="true" />
    <option name="MOVE_SEARCH_IN_COMMENTS" value="false" />
    <option name="MOVE_SEARCH_FOR_TEXT" value="false" />
    <option name="TYPE_COOK_EXHAUSTIVE" value="true" />
    <option name="INTRODUCE_LOCAL_CREATE_FINALS" value="false" />
  </component>
</application>