<application>
  <component name="LocalDatabaseDriverManager" version="201">
    <driver id="elasticsearch">
      <artifact />
      <library>
        <url>file://$APPLICATION_CONFIG_DIR$/jdbc-drivers/Elasticsearch/7.16.0/x-pack-sql-jdbc-7.16.0.jar</url>
      </library>
    </driver>
    <driver id="clickhouse" driver-class="com.clickhouse.jdbc.ClickHouseDriver">
      <artifact />
      <library>
        <url>file://D:/桌面/制作网站中/huadiao-user-back/lib/clickhouse-jdbc-0.4.2.jar</url>
      </library>
    </driver>
    <driver id="sqlserver.ms">
      <artifact id="SQL Server" name="SQL Server" use="true" version="12.2.0" />
    </driver>
    <driver id="mysql.8">
      <artifact />
      <artifact id="MySQL ConnectorJ" name="MySQL ConnectorJ" use="true" version="8.0.25" />
    </driver>
  </component>
</application>