<application>
  <component name="FileTypeManager" version="18">
    <extensionMap>
      <mapping pattern="tip" type="AUTO_DETECTED" />
      <mapping pattern="haha2" type="AUTO_DETECTED" />
      <mapping pattern="haha1" type="AUTO_DETECTED" />
      <mapping ext="usermapper" type="PLAIN_TEXT" />
      <mapping ext="2022-07-23" type="PLAIN_TEXT" />
      <mapping ext="lst" type="PLAIN_TEXT" />
      <mapping ext="plantuml" type="PlantUML file" />
      <removed_mapping ext="apk" approved="true" type="ARCHIVE" />
      <removed_mapping ext="psd" approved="true" type="Image" />
    </extensionMap>
  </component>
</application>