<application>
  <component name="ProjectJdkTable">
    <jdk version="2">
      <name value="17" />
      <type value="JavaSDK" />
      <version value="Oracle OpenJDK version 17.0.1" />
      <homePath value="D:/Java JDK 17/jdk-17.0.1" />
      <roots>
        <annotationsPath>
          <root type="composite">
            <root url="jar://$APPLICATION_HOME_DIR$/plugins/java/lib/jdkAnnotations.jar!/" type="simple" />
          </root>
        </annotationsPath>
        <classPath>
          <root type="composite">
            <root url="jrt://D:/Java JDK 17/jdk-17.0.1!/java.base" type="simple" />
            <root url="jrt://D:/Java JDK 17/jdk-17.0.1!/java.compiler" type="simple" />
            <root url="jrt://D:/Java JDK 17/jdk-17.0.1!/java.datatransfer" type="simple" />
            <root url="jrt://D:/Java JDK 17/jdk-17.0.1!/java.desktop" type="simple" />
            <root url="jrt://D:/Java JDK 17/jdk-17.0.1!/java.instrument" type="simple" />
            <root url="jrt://D:/Java JDK 17/jdk-17.0.1!/java.logging" type="simple" />
            <root url="jrt://D:/Java JDK 17/jdk-17.0.1!/java.management" type="simple" />
            <root url="jrt://D:/Java JDK 17/jdk-17.0.1!/java.management.rmi" type="simple" />
            <root url="jrt://D:/Java JDK 17/jdk-17.0.1!/java.naming" type="simple" />
            <root url="jrt://D:/Java JDK 17/jdk-17.0.1!/java.net.http" type="simple" />
            <root url="jrt://D:/Java JDK 17/jdk-17.0.1!/java.prefs" type="simple" />
            <root url="jrt://D:/Java JDK 17/jdk-17.0.1!/java.rmi" type="simple" />
            <root url="jrt://D:/Java JDK 17/jdk-17.0.1!/java.scripting" type="simple" />
            <root url="jrt://D:/Java JDK 17/jdk-17.0.1!/java.se" type="simple" />
            <root url="jrt://D:/Java JDK 17/jdk-17.0.1!/java.security.jgss" type="simple" />
            <root url="jrt://D:/Java JDK 17/jdk-17.0.1!/java.security.sasl" type="simple" />
            <root url="jrt://D:/Java JDK 17/jdk-17.0.1!/java.smartcardio" type="simple" />
            <root url="jrt://D:/Java JDK 17/jdk-17.0.1!/java.sql" type="simple" />
            <root url="jrt://D:/Java JDK 17/jdk-17.0.1!/java.sql.rowset" type="simple" />
            <root url="jrt://D:/Java JDK 17/jdk-17.0.1!/java.transaction.xa" type="simple" />
            <root url="jrt://D:/Java JDK 17/jdk-17.0.1!/java.xml" type="simple" />
            <root url="jrt://D:/Java JDK 17/jdk-17.0.1!/java.xml.crypto" type="simple" />
            <root url="jrt://D:/Java JDK 17/jdk-17.0.1!/jdk.accessibility" type="simple" />
            <root url="jrt://D:/Java JDK 17/jdk-17.0.1!/jdk.attach" type="simple" />
            <root url="jrt://D:/Java JDK 17/jdk-17.0.1!/jdk.charsets" type="simple" />
            <root url="jrt://D:/Java JDK 17/jdk-17.0.1!/jdk.compiler" type="simple" />
            <root url="jrt://D:/Java JDK 17/jdk-17.0.1!/jdk.crypto.cryptoki" type="simple" />
            <root url="jrt://D:/Java JDK 17/jdk-17.0.1!/jdk.crypto.ec" type="simple" />
            <root url="jrt://D:/Java JDK 17/jdk-17.0.1!/jdk.crypto.mscapi" type="simple" />
            <root url="jrt://D:/Java JDK 17/jdk-17.0.1!/jdk.dynalink" type="simple" />
            <root url="jrt://D:/Java JDK 17/jdk-17.0.1!/jdk.editpad" type="simple" />
            <root url="jrt://D:/Java JDK 17/jdk-17.0.1!/jdk.hotspot.agent" type="simple" />
            <root url="jrt://D:/Java JDK 17/jdk-17.0.1!/jdk.httpserver" type="simple" />
            <root url="jrt://D:/Java JDK 17/jdk-17.0.1!/jdk.incubator.foreign" type="simple" />
            <root url="jrt://D:/Java JDK 17/jdk-17.0.1!/jdk.incubator.vector" type="simple" />
            <root url="jrt://D:/Java JDK 17/jdk-17.0.1!/jdk.internal.ed" type="simple" />
            <root url="jrt://D:/Java JDK 17/jdk-17.0.1!/jdk.internal.jvmstat" type="simple" />
            <root url="jrt://D:/Java JDK 17/jdk-17.0.1!/jdk.internal.le" type="simple" />
            <root url="jrt://D:/Java JDK 17/jdk-17.0.1!/jdk.internal.opt" type="simple" />
            <root url="jrt://D:/Java JDK 17/jdk-17.0.1!/jdk.internal.vm.ci" type="simple" />
            <root url="jrt://D:/Java JDK 17/jdk-17.0.1!/jdk.internal.vm.compiler" type="simple" />
            <root url="jrt://D:/Java JDK 17/jdk-17.0.1!/jdk.internal.vm.compiler.management" type="simple" />
            <root url="jrt://D:/Java JDK 17/jdk-17.0.1!/jdk.jartool" type="simple" />
            <root url="jrt://D:/Java JDK 17/jdk-17.0.1!/jdk.javadoc" type="simple" />
            <root url="jrt://D:/Java JDK 17/jdk-17.0.1!/jdk.jcmd" type="simple" />
            <root url="jrt://D:/Java JDK 17/jdk-17.0.1!/jdk.jconsole" type="simple" />
            <root url="jrt://D:/Java JDK 17/jdk-17.0.1!/jdk.jdeps" type="simple" />
            <root url="jrt://D:/Java JDK 17/jdk-17.0.1!/jdk.jdi" type="simple" />
            <root url="jrt://D:/Java JDK 17/jdk-17.0.1!/jdk.jdwp.agent" type="simple" />
            <root url="jrt://D:/Java JDK 17/jdk-17.0.1!/jdk.jfr" type="simple" />
            <root url="jrt://D:/Java JDK 17/jdk-17.0.1!/jdk.jlink" type="simple" />
            <root url="jrt://D:/Java JDK 17/jdk-17.0.1!/jdk.jpackage" type="simple" />
            <root url="jrt://D:/Java JDK 17/jdk-17.0.1!/jdk.jshell" type="simple" />
            <root url="jrt://D:/Java JDK 17/jdk-17.0.1!/jdk.jsobject" type="simple" />
            <root url="jrt://D:/Java JDK 17/jdk-17.0.1!/jdk.jstatd" type="simple" />
            <root url="jrt://D:/Java JDK 17/jdk-17.0.1!/jdk.localedata" type="simple" />
            <root url="jrt://D:/Java JDK 17/jdk-17.0.1!/jdk.management" type="simple" />
            <root url="jrt://D:/Java JDK 17/jdk-17.0.1!/jdk.management.agent" type="simple" />
            <root url="jrt://D:/Java JDK 17/jdk-17.0.1!/jdk.management.jfr" type="simple" />
            <root url="jrt://D:/Java JDK 17/jdk-17.0.1!/jdk.naming.dns" type="simple" />
            <root url="jrt://D:/Java JDK 17/jdk-17.0.1!/jdk.naming.rmi" type="simple" />
            <root url="jrt://D:/Java JDK 17/jdk-17.0.1!/jdk.net" type="simple" />
            <root url="jrt://D:/Java JDK 17/jdk-17.0.1!/jdk.nio.mapmode" type="simple" />
            <root url="jrt://D:/Java JDK 17/jdk-17.0.1!/jdk.random" type="simple" />
            <root url="jrt://D:/Java JDK 17/jdk-17.0.1!/jdk.sctp" type="simple" />
            <root url="jrt://D:/Java JDK 17/jdk-17.0.1!/jdk.security.auth" type="simple" />
            <root url="jrt://D:/Java JDK 17/jdk-17.0.1!/jdk.security.jgss" type="simple" />
            <root url="jrt://D:/Java JDK 17/jdk-17.0.1!/jdk.unsupported" type="simple" />
            <root url="jrt://D:/Java JDK 17/jdk-17.0.1!/jdk.unsupported.desktop" type="simple" />
            <root url="jrt://D:/Java JDK 17/jdk-17.0.1!/jdk.xml.dom" type="simple" />
            <root url="jrt://D:/Java JDK 17/jdk-17.0.1!/jdk.zipfs" type="simple" />
          </root>
        </classPath>
        <javadocPath>
          <root type="composite">
            <root url="file://D:/Java JDK 17/jdk-17.0.1" type="simple" />
          </root>
        </javadocPath>
        <sourcePath>
          <root type="composite">
            <root url="jar://D:/Java JDK 17/jdk-17.0.1/lib/src.zip!/java.se" type="simple" />
            <root url="jar://D:/Java JDK 17/jdk-17.0.1/lib/src.zip!/jdk.jdi" type="simple" />
            <root url="jar://D:/Java JDK 17/jdk-17.0.1/lib/src.zip!/jdk.jfr" type="simple" />
            <root url="jar://D:/Java JDK 17/jdk-17.0.1/lib/src.zip!/jdk.net" type="simple" />
            <root url="jar://D:/Java JDK 17/jdk-17.0.1/lib/src.zip!/java.rmi" type="simple" />
            <root url="jar://D:/Java JDK 17/jdk-17.0.1/lib/src.zip!/java.sql" type="simple" />
            <root url="jar://D:/Java JDK 17/jdk-17.0.1/lib/src.zip!/java.xml" type="simple" />
            <root url="jar://D:/Java JDK 17/jdk-17.0.1/lib/src.zip!/jdk.jcmd" type="simple" />
            <root url="jar://D:/Java JDK 17/jdk-17.0.1/lib/src.zip!/jdk.sctp" type="simple" />
            <root url="jar://D:/Java JDK 17/jdk-17.0.1/lib/src.zip!/java.base" type="simple" />
            <root url="jar://D:/Java JDK 17/jdk-17.0.1/lib/src.zip!/jdk.jdeps" type="simple" />
            <root url="jar://D:/Java JDK 17/jdk-17.0.1/lib/src.zip!/jdk.jlink" type="simple" />
            <root url="jar://D:/Java JDK 17/jdk-17.0.1/lib/src.zip!/jdk.zipfs" type="simple" />
            <root url="jar://D:/Java JDK 17/jdk-17.0.1/lib/src.zip!/java.prefs" type="simple" />
            <root url="jar://D:/Java JDK 17/jdk-17.0.1/lib/src.zip!/jdk.attach" type="simple" />
            <root url="jar://D:/Java JDK 17/jdk-17.0.1/lib/src.zip!/jdk.jshell" type="simple" />
            <root url="jar://D:/Java JDK 17/jdk-17.0.1/lib/src.zip!/jdk.jstatd" type="simple" />
            <root url="jar://D:/Java JDK 17/jdk-17.0.1/lib/src.zip!/jdk.random" type="simple" />
            <root url="jar://D:/Java JDK 17/jdk-17.0.1/lib/src.zip!/java.naming" type="simple" />
            <root url="jar://D:/Java JDK 17/jdk-17.0.1/lib/src.zip!/jdk.editpad" type="simple" />
            <root url="jar://D:/Java JDK 17/jdk-17.0.1/lib/src.zip!/jdk.jartool" type="simple" />
            <root url="jar://D:/Java JDK 17/jdk-17.0.1/lib/src.zip!/jdk.javadoc" type="simple" />
            <root url="jar://D:/Java JDK 17/jdk-17.0.1/lib/src.zip!/jdk.xml.dom" type="simple" />
            <root url="jar://D:/Java JDK 17/jdk-17.0.1/lib/src.zip!/java.desktop" type="simple" />
            <root url="jar://D:/Java JDK 17/jdk-17.0.1/lib/src.zip!/java.logging" type="simple" />
            <root url="jar://D:/Java JDK 17/jdk-17.0.1/lib/src.zip!/jdk.charsets" type="simple" />
            <root url="jar://D:/Java JDK 17/jdk-17.0.1/lib/src.zip!/jdk.compiler" type="simple" />
            <root url="jar://D:/Java JDK 17/jdk-17.0.1/lib/src.zip!/jdk.dynalink" type="simple" />
            <root url="jar://D:/Java JDK 17/jdk-17.0.1/lib/src.zip!/jdk.jconsole" type="simple" />
            <root url="jar://D:/Java JDK 17/jdk-17.0.1/lib/src.zip!/jdk.jpackage" type="simple" />
            <root url="jar://D:/Java JDK 17/jdk-17.0.1/lib/src.zip!/jdk.jsobject" type="simple" />
            <root url="jar://D:/Java JDK 17/jdk-17.0.1/lib/src.zip!/java.compiler" type="simple" />
            <root url="jar://D:/Java JDK 17/jdk-17.0.1/lib/src.zip!/java.net.http" type="simple" />
            <root url="jar://D:/Java JDK 17/jdk-17.0.1/lib/src.zip!/jdk.crypto.ec" type="simple" />
            <root url="jar://D:/Java JDK 17/jdk-17.0.1/lib/src.zip!/java.scripting" type="simple" />
            <root url="jar://D:/Java JDK 17/jdk-17.0.1/lib/src.zip!/jdk.httpserver" type="simple" />
            <root url="jar://D:/Java JDK 17/jdk-17.0.1/lib/src.zip!/jdk.jdwp.agent" type="simple" />
            <root url="jar://D:/Java JDK 17/jdk-17.0.1/lib/src.zip!/jdk.localedata" type="simple" />
            <root url="jar://D:/Java JDK 17/jdk-17.0.1/lib/src.zip!/jdk.management" type="simple" />
            <root url="jar://D:/Java JDK 17/jdk-17.0.1/lib/src.zip!/jdk.naming.dns" type="simple" />
            <root url="jar://D:/Java JDK 17/jdk-17.0.1/lib/src.zip!/jdk.naming.rmi" type="simple" />
            <root url="jar://D:/Java JDK 17/jdk-17.0.1/lib/src.zip!/java.instrument" type="simple" />
            <root url="jar://D:/Java JDK 17/jdk-17.0.1/lib/src.zip!/java.management" type="simple" />
            <root url="jar://D:/Java JDK 17/jdk-17.0.1/lib/src.zip!/java.sql.rowset" type="simple" />
            <root url="jar://D:/Java JDK 17/jdk-17.0.1/lib/src.zip!/java.xml.crypto" type="simple" />
            <root url="jar://D:/Java JDK 17/jdk-17.0.1/lib/src.zip!/jdk.internal.ed" type="simple" />
            <root url="jar://D:/Java JDK 17/jdk-17.0.1/lib/src.zip!/jdk.internal.le" type="simple" />
            <root url="jar://D:/Java JDK 17/jdk-17.0.1/lib/src.zip!/jdk.nio.mapmode" type="simple" />
            <root url="jar://D:/Java JDK 17/jdk-17.0.1/lib/src.zip!/jdk.unsupported" type="simple" />
            <root url="jar://D:/Java JDK 17/jdk-17.0.1/lib/src.zip!/java.smartcardio" type="simple" />
            <root url="jar://D:/Java JDK 17/jdk-17.0.1/lib/src.zip!/jdk.internal.opt" type="simple" />
            <root url="jar://D:/Java JDK 17/jdk-17.0.1/lib/src.zip!/java.datatransfer" type="simple" />
            <root url="jar://D:/Java JDK 17/jdk-17.0.1/lib/src.zip!/jdk.accessibility" type="simple" />
            <root url="jar://D:/Java JDK 17/jdk-17.0.1/lib/src.zip!/jdk.crypto.mscapi" type="simple" />
            <root url="jar://D:/Java JDK 17/jdk-17.0.1/lib/src.zip!/jdk.hotspot.agent" type="simple" />
            <root url="jar://D:/Java JDK 17/jdk-17.0.1/lib/src.zip!/jdk.security.auth" type="simple" />
            <root url="jar://D:/Java JDK 17/jdk-17.0.1/lib/src.zip!/jdk.security.jgss" type="simple" />
            <root url="jar://D:/Java JDK 17/jdk-17.0.1/lib/src.zip!/java.security.jgss" type="simple" />
            <root url="jar://D:/Java JDK 17/jdk-17.0.1/lib/src.zip!/java.security.sasl" type="simple" />
            <root url="jar://D:/Java JDK 17/jdk-17.0.1/lib/src.zip!/jdk.internal.vm.ci" type="simple" />
            <root url="jar://D:/Java JDK 17/jdk-17.0.1/lib/src.zip!/jdk.management.jfr" type="simple" />
            <root url="jar://D:/Java JDK 17/jdk-17.0.1/lib/src.zip!/java.management.rmi" type="simple" />
            <root url="jar://D:/Java JDK 17/jdk-17.0.1/lib/src.zip!/java.transaction.xa" type="simple" />
            <root url="jar://D:/Java JDK 17/jdk-17.0.1/lib/src.zip!/jdk.crypto.cryptoki" type="simple" />
            <root url="jar://D:/Java JDK 17/jdk-17.0.1/lib/src.zip!/jdk.incubator.vector" type="simple" />
            <root url="jar://D:/Java JDK 17/jdk-17.0.1/lib/src.zip!/jdk.internal.jvmstat" type="simple" />
            <root url="jar://D:/Java JDK 17/jdk-17.0.1/lib/src.zip!/jdk.management.agent" type="simple" />
            <root url="jar://D:/Java JDK 17/jdk-17.0.1/lib/src.zip!/jdk.incubator.foreign" type="simple" />
            <root url="jar://D:/Java JDK 17/jdk-17.0.1/lib/src.zip!/jdk.unsupported.desktop" type="simple" />
            <root url="jar://D:/Java JDK 17/jdk-17.0.1/lib/src.zip!/jdk.internal.vm.compiler" type="simple" />
            <root url="jar://D:/Java JDK 17/jdk-17.0.1/lib/src.zip!/jdk.internal.vm.compiler.management" type="simple" />
          </root>
        </sourcePath>
      </roots>
      <additional />
    </jdk>
    <jdk version="2">
      <name value="11" />
      <type value="JavaSDK" />
      <version value="Oracle OpenJDK version 11.0.14" />
      <homePath value="A:/Download softwares/jdk-11.0.14/jdk-11.0.14" />
      <roots>
        <annotationsPath>
          <root type="composite">
            <root url="jar://$APPLICATION_HOME_DIR$/plugins/java/lib/jdkAnnotations.jar!/" type="simple" />
          </root>
        </annotationsPath>
        <classPath>
          <root type="composite">
            <root url="jrt://A:/Download softwares/jdk-11.0.14/jdk-11.0.14!/java.base" type="simple" />
            <root url="jrt://A:/Download softwares/jdk-11.0.14/jdk-11.0.14!/java.compiler" type="simple" />
            <root url="jrt://A:/Download softwares/jdk-11.0.14/jdk-11.0.14!/java.datatransfer" type="simple" />
            <root url="jrt://A:/Download softwares/jdk-11.0.14/jdk-11.0.14!/java.desktop" type="simple" />
            <root url="jrt://A:/Download softwares/jdk-11.0.14/jdk-11.0.14!/java.instrument" type="simple" />
            <root url="jrt://A:/Download softwares/jdk-11.0.14/jdk-11.0.14!/java.logging" type="simple" />
            <root url="jrt://A:/Download softwares/jdk-11.0.14/jdk-11.0.14!/java.management" type="simple" />
            <root url="jrt://A:/Download softwares/jdk-11.0.14/jdk-11.0.14!/java.management.rmi" type="simple" />
            <root url="jrt://A:/Download softwares/jdk-11.0.14/jdk-11.0.14!/java.naming" type="simple" />
            <root url="jrt://A:/Download softwares/jdk-11.0.14/jdk-11.0.14!/java.net.http" type="simple" />
            <root url="jrt://A:/Download softwares/jdk-11.0.14/jdk-11.0.14!/java.prefs" type="simple" />
            <root url="jrt://A:/Download softwares/jdk-11.0.14/jdk-11.0.14!/java.rmi" type="simple" />
            <root url="jrt://A:/Download softwares/jdk-11.0.14/jdk-11.0.14!/java.scripting" type="simple" />
            <root url="jrt://A:/Download softwares/jdk-11.0.14/jdk-11.0.14!/java.se" type="simple" />
            <root url="jrt://A:/Download softwares/jdk-11.0.14/jdk-11.0.14!/java.security.jgss" type="simple" />
            <root url="jrt://A:/Download softwares/jdk-11.0.14/jdk-11.0.14!/java.security.sasl" type="simple" />
            <root url="jrt://A:/Download softwares/jdk-11.0.14/jdk-11.0.14!/java.smartcardio" type="simple" />
            <root url="jrt://A:/Download softwares/jdk-11.0.14/jdk-11.0.14!/java.sql" type="simple" />
            <root url="jrt://A:/Download softwares/jdk-11.0.14/jdk-11.0.14!/java.sql.rowset" type="simple" />
            <root url="jrt://A:/Download softwares/jdk-11.0.14/jdk-11.0.14!/java.transaction.xa" type="simple" />
            <root url="jrt://A:/Download softwares/jdk-11.0.14/jdk-11.0.14!/java.xml" type="simple" />
            <root url="jrt://A:/Download softwares/jdk-11.0.14/jdk-11.0.14!/java.xml.crypto" type="simple" />
            <root url="jrt://A:/Download softwares/jdk-11.0.14/jdk-11.0.14!/jdk.accessibility" type="simple" />
            <root url="jrt://A:/Download softwares/jdk-11.0.14/jdk-11.0.14!/jdk.attach" type="simple" />
            <root url="jrt://A:/Download softwares/jdk-11.0.14/jdk-11.0.14!/jdk.charsets" type="simple" />
            <root url="jrt://A:/Download softwares/jdk-11.0.14/jdk-11.0.14!/jdk.compiler" type="simple" />
            <root url="jrt://A:/Download softwares/jdk-11.0.14/jdk-11.0.14!/jdk.crypto.cryptoki" type="simple" />
            <root url="jrt://A:/Download softwares/jdk-11.0.14/jdk-11.0.14!/jdk.crypto.ec" type="simple" />
            <root url="jrt://A:/Download softwares/jdk-11.0.14/jdk-11.0.14!/jdk.crypto.mscapi" type="simple" />
            <root url="jrt://A:/Download softwares/jdk-11.0.14/jdk-11.0.14!/jdk.dynalink" type="simple" />
            <root url="jrt://A:/Download softwares/jdk-11.0.14/jdk-11.0.14!/jdk.editpad" type="simple" />
            <root url="jrt://A:/Download softwares/jdk-11.0.14/jdk-11.0.14!/jdk.hotspot.agent" type="simple" />
            <root url="jrt://A:/Download softwares/jdk-11.0.14/jdk-11.0.14!/jdk.httpserver" type="simple" />
            <root url="jrt://A:/Download softwares/jdk-11.0.14/jdk-11.0.14!/jdk.internal.ed" type="simple" />
            <root url="jrt://A:/Download softwares/jdk-11.0.14/jdk-11.0.14!/jdk.internal.jvmstat" type="simple" />
            <root url="jrt://A:/Download softwares/jdk-11.0.14/jdk-11.0.14!/jdk.internal.le" type="simple" />
            <root url="jrt://A:/Download softwares/jdk-11.0.14/jdk-11.0.14!/jdk.internal.opt" type="simple" />
            <root url="jrt://A:/Download softwares/jdk-11.0.14/jdk-11.0.14!/jdk.internal.vm.ci" type="simple" />
            <root url="jrt://A:/Download softwares/jdk-11.0.14/jdk-11.0.14!/jdk.internal.vm.compiler" type="simple" />
            <root url="jrt://A:/Download softwares/jdk-11.0.14/jdk-11.0.14!/jdk.internal.vm.compiler.management" type="simple" />
            <root url="jrt://A:/Download softwares/jdk-11.0.14/jdk-11.0.14!/jdk.jartool" type="simple" />
            <root url="jrt://A:/Download softwares/jdk-11.0.14/jdk-11.0.14!/jdk.javadoc" type="simple" />
            <root url="jrt://A:/Download softwares/jdk-11.0.14/jdk-11.0.14!/jdk.jcmd" type="simple" />
            <root url="jrt://A:/Download softwares/jdk-11.0.14/jdk-11.0.14!/jdk.jconsole" type="simple" />
            <root url="jrt://A:/Download softwares/jdk-11.0.14/jdk-11.0.14!/jdk.jdeps" type="simple" />
            <root url="jrt://A:/Download softwares/jdk-11.0.14/jdk-11.0.14!/jdk.jdi" type="simple" />
            <root url="jrt://A:/Download softwares/jdk-11.0.14/jdk-11.0.14!/jdk.jdwp.agent" type="simple" />
            <root url="jrt://A:/Download softwares/jdk-11.0.14/jdk-11.0.14!/jdk.jfr" type="simple" />
            <root url="jrt://A:/Download softwares/jdk-11.0.14/jdk-11.0.14!/jdk.jlink" type="simple" />
            <root url="jrt://A:/Download softwares/jdk-11.0.14/jdk-11.0.14!/jdk.jshell" type="simple" />
            <root url="jrt://A:/Download softwares/jdk-11.0.14/jdk-11.0.14!/jdk.jsobject" type="simple" />
            <root url="jrt://A:/Download softwares/jdk-11.0.14/jdk-11.0.14!/jdk.jstatd" type="simple" />
            <root url="jrt://A:/Download softwares/jdk-11.0.14/jdk-11.0.14!/jdk.localedata" type="simple" />
            <root url="jrt://A:/Download softwares/jdk-11.0.14/jdk-11.0.14!/jdk.management" type="simple" />
            <root url="jrt://A:/Download softwares/jdk-11.0.14/jdk-11.0.14!/jdk.management.agent" type="simple" />
            <root url="jrt://A:/Download softwares/jdk-11.0.14/jdk-11.0.14!/jdk.management.jfr" type="simple" />
            <root url="jrt://A:/Download softwares/jdk-11.0.14/jdk-11.0.14!/jdk.naming.dns" type="simple" />
            <root url="jrt://A:/Download softwares/jdk-11.0.14/jdk-11.0.14!/jdk.naming.ldap" type="simple" />
            <root url="jrt://A:/Download softwares/jdk-11.0.14/jdk-11.0.14!/jdk.naming.rmi" type="simple" />
            <root url="jrt://A:/Download softwares/jdk-11.0.14/jdk-11.0.14!/jdk.net" type="simple" />
            <root url="jrt://A:/Download softwares/jdk-11.0.14/jdk-11.0.14!/jdk.pack" type="simple" />
            <root url="jrt://A:/Download softwares/jdk-11.0.14/jdk-11.0.14!/jdk.rmic" type="simple" />
            <root url="jrt://A:/Download softwares/jdk-11.0.14/jdk-11.0.14!/jdk.scripting.nashorn" type="simple" />
            <root url="jrt://A:/Download softwares/jdk-11.0.14/jdk-11.0.14!/jdk.scripting.nashorn.shell" type="simple" />
            <root url="jrt://A:/Download softwares/jdk-11.0.14/jdk-11.0.14!/jdk.sctp" type="simple" />
            <root url="jrt://A:/Download softwares/jdk-11.0.14/jdk-11.0.14!/jdk.security.auth" type="simple" />
            <root url="jrt://A:/Download softwares/jdk-11.0.14/jdk-11.0.14!/jdk.security.jgss" type="simple" />
            <root url="jrt://A:/Download softwares/jdk-11.0.14/jdk-11.0.14!/jdk.unsupported" type="simple" />
            <root url="jrt://A:/Download softwares/jdk-11.0.14/jdk-11.0.14!/jdk.unsupported.desktop" type="simple" />
            <root url="jrt://A:/Download softwares/jdk-11.0.14/jdk-11.0.14!/jdk.xml.dom" type="simple" />
            <root url="jrt://A:/Download softwares/jdk-11.0.14/jdk-11.0.14!/jdk.zipfs" type="simple" />
          </root>
        </classPath>
        <javadocPath>
          <root type="composite" />
        </javadocPath>
        <sourcePath>
          <root type="composite">
            <root url="jar://A:/Download softwares/jdk-11.0.14/jdk-11.0.14/lib/src.zip!/java.se" type="simple" />
            <root url="jar://A:/Download softwares/jdk-11.0.14/jdk-11.0.14/lib/src.zip!/jdk.jdi" type="simple" />
            <root url="jar://A:/Download softwares/jdk-11.0.14/jdk-11.0.14/lib/src.zip!/jdk.jfr" type="simple" />
            <root url="jar://A:/Download softwares/jdk-11.0.14/jdk-11.0.14/lib/src.zip!/jdk.net" type="simple" />
            <root url="jar://A:/Download softwares/jdk-11.0.14/jdk-11.0.14/lib/src.zip!/java.rmi" type="simple" />
            <root url="jar://A:/Download softwares/jdk-11.0.14/jdk-11.0.14/lib/src.zip!/java.sql" type="simple" />
            <root url="jar://A:/Download softwares/jdk-11.0.14/jdk-11.0.14/lib/src.zip!/java.xml" type="simple" />
            <root url="jar://A:/Download softwares/jdk-11.0.14/jdk-11.0.14/lib/src.zip!/jdk.jcmd" type="simple" />
            <root url="jar://A:/Download softwares/jdk-11.0.14/jdk-11.0.14/lib/src.zip!/jdk.pack" type="simple" />
            <root url="jar://A:/Download softwares/jdk-11.0.14/jdk-11.0.14/lib/src.zip!/jdk.rmic" type="simple" />
            <root url="jar://A:/Download softwares/jdk-11.0.14/jdk-11.0.14/lib/src.zip!/jdk.sctp" type="simple" />
            <root url="jar://A:/Download softwares/jdk-11.0.14/jdk-11.0.14/lib/src.zip!/java.base" type="simple" />
            <root url="jar://A:/Download softwares/jdk-11.0.14/jdk-11.0.14/lib/src.zip!/jdk.jdeps" type="simple" />
            <root url="jar://A:/Download softwares/jdk-11.0.14/jdk-11.0.14/lib/src.zip!/jdk.jlink" type="simple" />
            <root url="jar://A:/Download softwares/jdk-11.0.14/jdk-11.0.14/lib/src.zip!/jdk.zipfs" type="simple" />
            <root url="jar://A:/Download softwares/jdk-11.0.14/jdk-11.0.14/lib/src.zip!/java.prefs" type="simple" />
            <root url="jar://A:/Download softwares/jdk-11.0.14/jdk-11.0.14/lib/src.zip!/jdk.attach" type="simple" />
            <root url="jar://A:/Download softwares/jdk-11.0.14/jdk-11.0.14/lib/src.zip!/jdk.jshell" type="simple" />
            <root url="jar://A:/Download softwares/jdk-11.0.14/jdk-11.0.14/lib/src.zip!/jdk.jstatd" type="simple" />
            <root url="jar://A:/Download softwares/jdk-11.0.14/jdk-11.0.14/lib/src.zip!/java.naming" type="simple" />
            <root url="jar://A:/Download softwares/jdk-11.0.14/jdk-11.0.14/lib/src.zip!/jdk.editpad" type="simple" />
            <root url="jar://A:/Download softwares/jdk-11.0.14/jdk-11.0.14/lib/src.zip!/jdk.jartool" type="simple" />
            <root url="jar://A:/Download softwares/jdk-11.0.14/jdk-11.0.14/lib/src.zip!/jdk.javadoc" type="simple" />
            <root url="jar://A:/Download softwares/jdk-11.0.14/jdk-11.0.14/lib/src.zip!/jdk.xml.dom" type="simple" />
            <root url="jar://A:/Download softwares/jdk-11.0.14/jdk-11.0.14/lib/src.zip!/java.desktop" type="simple" />
            <root url="jar://A:/Download softwares/jdk-11.0.14/jdk-11.0.14/lib/src.zip!/java.logging" type="simple" />
            <root url="jar://A:/Download softwares/jdk-11.0.14/jdk-11.0.14/lib/src.zip!/jdk.charsets" type="simple" />
            <root url="jar://A:/Download softwares/jdk-11.0.14/jdk-11.0.14/lib/src.zip!/jdk.compiler" type="simple" />
            <root url="jar://A:/Download softwares/jdk-11.0.14/jdk-11.0.14/lib/src.zip!/jdk.dynalink" type="simple" />
            <root url="jar://A:/Download softwares/jdk-11.0.14/jdk-11.0.14/lib/src.zip!/jdk.jconsole" type="simple" />
            <root url="jar://A:/Download softwares/jdk-11.0.14/jdk-11.0.14/lib/src.zip!/jdk.jsobject" type="simple" />
            <root url="jar://A:/Download softwares/jdk-11.0.14/jdk-11.0.14/lib/src.zip!/java.compiler" type="simple" />
            <root url="jar://A:/Download softwares/jdk-11.0.14/jdk-11.0.14/lib/src.zip!/java.net.http" type="simple" />
            <root url="jar://A:/Download softwares/jdk-11.0.14/jdk-11.0.14/lib/src.zip!/jdk.crypto.ec" type="simple" />
            <root url="jar://A:/Download softwares/jdk-11.0.14/jdk-11.0.14/lib/src.zip!/java.scripting" type="simple" />
            <root url="jar://A:/Download softwares/jdk-11.0.14/jdk-11.0.14/lib/src.zip!/jdk.httpserver" type="simple" />
            <root url="jar://A:/Download softwares/jdk-11.0.14/jdk-11.0.14/lib/src.zip!/jdk.jdwp.agent" type="simple" />
            <root url="jar://A:/Download softwares/jdk-11.0.14/jdk-11.0.14/lib/src.zip!/jdk.localedata" type="simple" />
            <root url="jar://A:/Download softwares/jdk-11.0.14/jdk-11.0.14/lib/src.zip!/jdk.management" type="simple" />
            <root url="jar://A:/Download softwares/jdk-11.0.14/jdk-11.0.14/lib/src.zip!/jdk.naming.dns" type="simple" />
            <root url="jar://A:/Download softwares/jdk-11.0.14/jdk-11.0.14/lib/src.zip!/jdk.naming.rmi" type="simple" />
            <root url="jar://A:/Download softwares/jdk-11.0.14/jdk-11.0.14/lib/src.zip!/java.instrument" type="simple" />
            <root url="jar://A:/Download softwares/jdk-11.0.14/jdk-11.0.14/lib/src.zip!/java.management" type="simple" />
            <root url="jar://A:/Download softwares/jdk-11.0.14/jdk-11.0.14/lib/src.zip!/java.sql.rowset" type="simple" />
            <root url="jar://A:/Download softwares/jdk-11.0.14/jdk-11.0.14/lib/src.zip!/java.xml.crypto" type="simple" />
            <root url="jar://A:/Download softwares/jdk-11.0.14/jdk-11.0.14/lib/src.zip!/jdk.internal.ed" type="simple" />
            <root url="jar://A:/Download softwares/jdk-11.0.14/jdk-11.0.14/lib/src.zip!/jdk.internal.le" type="simple" />
            <root url="jar://A:/Download softwares/jdk-11.0.14/jdk-11.0.14/lib/src.zip!/jdk.naming.ldap" type="simple" />
            <root url="jar://A:/Download softwares/jdk-11.0.14/jdk-11.0.14/lib/src.zip!/jdk.unsupported" type="simple" />
            <root url="jar://A:/Download softwares/jdk-11.0.14/jdk-11.0.14/lib/src.zip!/java.smartcardio" type="simple" />
            <root url="jar://A:/Download softwares/jdk-11.0.14/jdk-11.0.14/lib/src.zip!/jdk.internal.opt" type="simple" />
            <root url="jar://A:/Download softwares/jdk-11.0.14/jdk-11.0.14/lib/src.zip!/java.datatransfer" type="simple" />
            <root url="jar://A:/Download softwares/jdk-11.0.14/jdk-11.0.14/lib/src.zip!/jdk.accessibility" type="simple" />
            <root url="jar://A:/Download softwares/jdk-11.0.14/jdk-11.0.14/lib/src.zip!/jdk.crypto.mscapi" type="simple" />
            <root url="jar://A:/Download softwares/jdk-11.0.14/jdk-11.0.14/lib/src.zip!/jdk.hotspot.agent" type="simple" />
            <root url="jar://A:/Download softwares/jdk-11.0.14/jdk-11.0.14/lib/src.zip!/jdk.security.auth" type="simple" />
            <root url="jar://A:/Download softwares/jdk-11.0.14/jdk-11.0.14/lib/src.zip!/jdk.security.jgss" type="simple" />
            <root url="jar://A:/Download softwares/jdk-11.0.14/jdk-11.0.14/lib/src.zip!/java.security.jgss" type="simple" />
            <root url="jar://A:/Download softwares/jdk-11.0.14/jdk-11.0.14/lib/src.zip!/java.security.sasl" type="simple" />
            <root url="jar://A:/Download softwares/jdk-11.0.14/jdk-11.0.14/lib/src.zip!/jdk.internal.vm.ci" type="simple" />
            <root url="jar://A:/Download softwares/jdk-11.0.14/jdk-11.0.14/lib/src.zip!/jdk.management.jfr" type="simple" />
            <root url="jar://A:/Download softwares/jdk-11.0.14/jdk-11.0.14/lib/src.zip!/java.management.rmi" type="simple" />
            <root url="jar://A:/Download softwares/jdk-11.0.14/jdk-11.0.14/lib/src.zip!/java.transaction.xa" type="simple" />
            <root url="jar://A:/Download softwares/jdk-11.0.14/jdk-11.0.14/lib/src.zip!/jdk.crypto.cryptoki" type="simple" />
            <root url="jar://A:/Download softwares/jdk-11.0.14/jdk-11.0.14/lib/src.zip!/jdk.internal.jvmstat" type="simple" />
            <root url="jar://A:/Download softwares/jdk-11.0.14/jdk-11.0.14/lib/src.zip!/jdk.management.agent" type="simple" />
            <root url="jar://A:/Download softwares/jdk-11.0.14/jdk-11.0.14/lib/src.zip!/jdk.scripting.nashorn" type="simple" />
            <root url="jar://A:/Download softwares/jdk-11.0.14/jdk-11.0.14/lib/src.zip!/jdk.unsupported.desktop" type="simple" />
            <root url="jar://A:/Download softwares/jdk-11.0.14/jdk-11.0.14/lib/src.zip!/jdk.internal.vm.compiler" type="simple" />
            <root url="jar://A:/Download softwares/jdk-11.0.14/jdk-11.0.14/lib/src.zip!/jdk.scripting.nashorn.shell" type="simple" />
            <root url="jar://A:/Download softwares/jdk-11.0.14/jdk-11.0.14/lib/src.zip!/jdk.internal.vm.compiler.management" type="simple" />
          </root>
        </sourcePath>
      </roots>
      <additional />
    </jdk>
    <jdk version="2">
      <name value="1.8" />
      <type value="JavaSDK" />
      <version value="Oracle OpenJDK version 1.8.0_321" />
      <homePath value="A:/Download softwares/jdk-8" />
      <roots>
        <annotationsPath>
          <root type="composite">
            <root url="jar://$APPLICATION_HOME_DIR$/plugins/java/lib/jdkAnnotations.jar!/" type="simple" />
          </root>
        </annotationsPath>
        <classPath>
          <root type="composite">
            <root url="jar://A:/Download softwares/jdk-8/jre/lib/charsets.jar!/" type="simple" />
            <root url="jar://A:/Download softwares/jdk-8/jre/lib/deploy.jar!/" type="simple" />
            <root url="jar://A:/Download softwares/jdk-8/jre/lib/ext/access-bridge-64.jar!/" type="simple" />
            <root url="jar://A:/Download softwares/jdk-8/jre/lib/ext/cldrdata.jar!/" type="simple" />
            <root url="jar://A:/Download softwares/jdk-8/jre/lib/ext/dnsns.jar!/" type="simple" />
            <root url="jar://A:/Download softwares/jdk-8/jre/lib/ext/jaccess.jar!/" type="simple" />
            <root url="jar://A:/Download softwares/jdk-8/jre/lib/ext/jfxrt.jar!/" type="simple" />
            <root url="jar://A:/Download softwares/jdk-8/jre/lib/ext/localedata.jar!/" type="simple" />
            <root url="jar://A:/Download softwares/jdk-8/jre/lib/ext/nashorn.jar!/" type="simple" />
            <root url="jar://A:/Download softwares/jdk-8/jre/lib/ext/sunec.jar!/" type="simple" />
            <root url="jar://A:/Download softwares/jdk-8/jre/lib/ext/sunjce_provider.jar!/" type="simple" />
            <root url="jar://A:/Download softwares/jdk-8/jre/lib/ext/sunmscapi.jar!/" type="simple" />
            <root url="jar://A:/Download softwares/jdk-8/jre/lib/ext/sunpkcs11.jar!/" type="simple" />
            <root url="jar://A:/Download softwares/jdk-8/jre/lib/ext/zipfs.jar!/" type="simple" />
            <root url="jar://A:/Download softwares/jdk-8/jre/lib/javaws.jar!/" type="simple" />
            <root url="jar://A:/Download softwares/jdk-8/jre/lib/jce.jar!/" type="simple" />
            <root url="jar://A:/Download softwares/jdk-8/jre/lib/jfr.jar!/" type="simple" />
            <root url="jar://A:/Download softwares/jdk-8/jre/lib/jfxswt.jar!/" type="simple" />
            <root url="jar://A:/Download softwares/jdk-8/jre/lib/jsse.jar!/" type="simple" />
            <root url="jar://A:/Download softwares/jdk-8/jre/lib/management-agent.jar!/" type="simple" />
            <root url="jar://A:/Download softwares/jdk-8/jre/lib/plugin.jar!/" type="simple" />
            <root url="jar://A:/Download softwares/jdk-8/jre/lib/resources.jar!/" type="simple" />
            <root url="jar://A:/Download softwares/jdk-8/jre/lib/rt.jar!/" type="simple" />
          </root>
        </classPath>
        <javadocPath>
          <root type="composite" />
        </javadocPath>
        <sourcePath>
          <root type="composite">
            <root url="jar://A:/Download softwares/jdk-8/src.zip!/" type="simple" />
            <root url="jar://A:/Download softwares/jdk-8/javafx-src.zip!/" type="simple" />
          </root>
        </sourcePath>
      </roots>
      <additional />
    </jdk>
    <jdk version="2">
      <name value="17 (2)" />
      <type value="JavaSDK" />
      <version value="Oracle OpenJDK version 17.0.2" />
      <homePath value="A:/Download softwares/JDK-17.0.2/jdk-17.0.2" />
      <roots>
        <annotationsPath>
          <root type="composite">
            <root url="jar://$APPLICATION_HOME_DIR$/plugins/java/lib/jdkAnnotations.jar!/" type="simple" />
          </root>
        </annotationsPath>
        <classPath>
          <root type="composite">
            <root url="jrt://A:/Download softwares/JDK-17.0.2/jdk-17.0.2!/java.base" type="simple" />
            <root url="jrt://A:/Download softwares/JDK-17.0.2/jdk-17.0.2!/java.compiler" type="simple" />
            <root url="jrt://A:/Download softwares/JDK-17.0.2/jdk-17.0.2!/java.datatransfer" type="simple" />
            <root url="jrt://A:/Download softwares/JDK-17.0.2/jdk-17.0.2!/java.desktop" type="simple" />
            <root url="jrt://A:/Download softwares/JDK-17.0.2/jdk-17.0.2!/java.instrument" type="simple" />
            <root url="jrt://A:/Download softwares/JDK-17.0.2/jdk-17.0.2!/java.logging" type="simple" />
            <root url="jrt://A:/Download softwares/JDK-17.0.2/jdk-17.0.2!/java.management" type="simple" />
            <root url="jrt://A:/Download softwares/JDK-17.0.2/jdk-17.0.2!/java.management.rmi" type="simple" />
            <root url="jrt://A:/Download softwares/JDK-17.0.2/jdk-17.0.2!/java.naming" type="simple" />
            <root url="jrt://A:/Download softwares/JDK-17.0.2/jdk-17.0.2!/java.net.http" type="simple" />
            <root url="jrt://A:/Download softwares/JDK-17.0.2/jdk-17.0.2!/java.prefs" type="simple" />
            <root url="jrt://A:/Download softwares/JDK-17.0.2/jdk-17.0.2!/java.rmi" type="simple" />
            <root url="jrt://A:/Download softwares/JDK-17.0.2/jdk-17.0.2!/java.scripting" type="simple" />
            <root url="jrt://A:/Download softwares/JDK-17.0.2/jdk-17.0.2!/java.se" type="simple" />
            <root url="jrt://A:/Download softwares/JDK-17.0.2/jdk-17.0.2!/java.security.jgss" type="simple" />
            <root url="jrt://A:/Download softwares/JDK-17.0.2/jdk-17.0.2!/java.security.sasl" type="simple" />
            <root url="jrt://A:/Download softwares/JDK-17.0.2/jdk-17.0.2!/java.smartcardio" type="simple" />
            <root url="jrt://A:/Download softwares/JDK-17.0.2/jdk-17.0.2!/java.sql" type="simple" />
            <root url="jrt://A:/Download softwares/JDK-17.0.2/jdk-17.0.2!/java.sql.rowset" type="simple" />
            <root url="jrt://A:/Download softwares/JDK-17.0.2/jdk-17.0.2!/java.transaction.xa" type="simple" />
            <root url="jrt://A:/Download softwares/JDK-17.0.2/jdk-17.0.2!/java.xml" type="simple" />
            <root url="jrt://A:/Download softwares/JDK-17.0.2/jdk-17.0.2!/java.xml.crypto" type="simple" />
            <root url="jrt://A:/Download softwares/JDK-17.0.2/jdk-17.0.2!/jdk.accessibility" type="simple" />
            <root url="jrt://A:/Download softwares/JDK-17.0.2/jdk-17.0.2!/jdk.attach" type="simple" />
            <root url="jrt://A:/Download softwares/JDK-17.0.2/jdk-17.0.2!/jdk.charsets" type="simple" />
            <root url="jrt://A:/Download softwares/JDK-17.0.2/jdk-17.0.2!/jdk.compiler" type="simple" />
            <root url="jrt://A:/Download softwares/JDK-17.0.2/jdk-17.0.2!/jdk.crypto.cryptoki" type="simple" />
            <root url="jrt://A:/Download softwares/JDK-17.0.2/jdk-17.0.2!/jdk.crypto.ec" type="simple" />
            <root url="jrt://A:/Download softwares/JDK-17.0.2/jdk-17.0.2!/jdk.crypto.mscapi" type="simple" />
            <root url="jrt://A:/Download softwares/JDK-17.0.2/jdk-17.0.2!/jdk.dynalink" type="simple" />
            <root url="jrt://A:/Download softwares/JDK-17.0.2/jdk-17.0.2!/jdk.editpad" type="simple" />
            <root url="jrt://A:/Download softwares/JDK-17.0.2/jdk-17.0.2!/jdk.hotspot.agent" type="simple" />
            <root url="jrt://A:/Download softwares/JDK-17.0.2/jdk-17.0.2!/jdk.httpserver" type="simple" />
            <root url="jrt://A:/Download softwares/JDK-17.0.2/jdk-17.0.2!/jdk.incubator.foreign" type="simple" />
            <root url="jrt://A:/Download softwares/JDK-17.0.2/jdk-17.0.2!/jdk.incubator.vector" type="simple" />
            <root url="jrt://A:/Download softwares/JDK-17.0.2/jdk-17.0.2!/jdk.internal.ed" type="simple" />
            <root url="jrt://A:/Download softwares/JDK-17.0.2/jdk-17.0.2!/jdk.internal.jvmstat" type="simple" />
            <root url="jrt://A:/Download softwares/JDK-17.0.2/jdk-17.0.2!/jdk.internal.le" type="simple" />
            <root url="jrt://A:/Download softwares/JDK-17.0.2/jdk-17.0.2!/jdk.internal.opt" type="simple" />
            <root url="jrt://A:/Download softwares/JDK-17.0.2/jdk-17.0.2!/jdk.internal.vm.ci" type="simple" />
            <root url="jrt://A:/Download softwares/JDK-17.0.2/jdk-17.0.2!/jdk.internal.vm.compiler" type="simple" />
            <root url="jrt://A:/Download softwares/JDK-17.0.2/jdk-17.0.2!/jdk.internal.vm.compiler.management" type="simple" />
            <root url="jrt://A:/Download softwares/JDK-17.0.2/jdk-17.0.2!/jdk.jartool" type="simple" />
            <root url="jrt://A:/Download softwares/JDK-17.0.2/jdk-17.0.2!/jdk.javadoc" type="simple" />
            <root url="jrt://A:/Download softwares/JDK-17.0.2/jdk-17.0.2!/jdk.jcmd" type="simple" />
            <root url="jrt://A:/Download softwares/JDK-17.0.2/jdk-17.0.2!/jdk.jconsole" type="simple" />
            <root url="jrt://A:/Download softwares/JDK-17.0.2/jdk-17.0.2!/jdk.jdeps" type="simple" />
            <root url="jrt://A:/Download softwares/JDK-17.0.2/jdk-17.0.2!/jdk.jdi" type="simple" />
            <root url="jrt://A:/Download softwares/JDK-17.0.2/jdk-17.0.2!/jdk.jdwp.agent" type="simple" />
            <root url="jrt://A:/Download softwares/JDK-17.0.2/jdk-17.0.2!/jdk.jfr" type="simple" />
            <root url="jrt://A:/Download softwares/JDK-17.0.2/jdk-17.0.2!/jdk.jlink" type="simple" />
            <root url="jrt://A:/Download softwares/JDK-17.0.2/jdk-17.0.2!/jdk.jpackage" type="simple" />
            <root url="jrt://A:/Download softwares/JDK-17.0.2/jdk-17.0.2!/jdk.jshell" type="simple" />
            <root url="jrt://A:/Download softwares/JDK-17.0.2/jdk-17.0.2!/jdk.jsobject" type="simple" />
            <root url="jrt://A:/Download softwares/JDK-17.0.2/jdk-17.0.2!/jdk.jstatd" type="simple" />
            <root url="jrt://A:/Download softwares/JDK-17.0.2/jdk-17.0.2!/jdk.localedata" type="simple" />
            <root url="jrt://A:/Download softwares/JDK-17.0.2/jdk-17.0.2!/jdk.management" type="simple" />
            <root url="jrt://A:/Download softwares/JDK-17.0.2/jdk-17.0.2!/jdk.management.agent" type="simple" />
            <root url="jrt://A:/Download softwares/JDK-17.0.2/jdk-17.0.2!/jdk.management.jfr" type="simple" />
            <root url="jrt://A:/Download softwares/JDK-17.0.2/jdk-17.0.2!/jdk.naming.dns" type="simple" />
            <root url="jrt://A:/Download softwares/JDK-17.0.2/jdk-17.0.2!/jdk.naming.rmi" type="simple" />
            <root url="jrt://A:/Download softwares/JDK-17.0.2/jdk-17.0.2!/jdk.net" type="simple" />
            <root url="jrt://A:/Download softwares/JDK-17.0.2/jdk-17.0.2!/jdk.nio.mapmode" type="simple" />
            <root url="jrt://A:/Download softwares/JDK-17.0.2/jdk-17.0.2!/jdk.random" type="simple" />
            <root url="jrt://A:/Download softwares/JDK-17.0.2/jdk-17.0.2!/jdk.sctp" type="simple" />
            <root url="jrt://A:/Download softwares/JDK-17.0.2/jdk-17.0.2!/jdk.security.auth" type="simple" />
            <root url="jrt://A:/Download softwares/JDK-17.0.2/jdk-17.0.2!/jdk.security.jgss" type="simple" />
            <root url="jrt://A:/Download softwares/JDK-17.0.2/jdk-17.0.2!/jdk.unsupported" type="simple" />
            <root url="jrt://A:/Download softwares/JDK-17.0.2/jdk-17.0.2!/jdk.unsupported.desktop" type="simple" />
            <root url="jrt://A:/Download softwares/JDK-17.0.2/jdk-17.0.2!/jdk.xml.dom" type="simple" />
            <root url="jrt://A:/Download softwares/JDK-17.0.2/jdk-17.0.2!/jdk.zipfs" type="simple" />
          </root>
        </classPath>
        <javadocPath>
          <root type="composite" />
        </javadocPath>
        <sourcePath>
          <root type="composite">
            <root url="jar://A:/Download softwares/JDK-17.0.2/jdk-17.0.2/lib/src.zip!/java.se" type="simple" />
            <root url="jar://A:/Download softwares/JDK-17.0.2/jdk-17.0.2/lib/src.zip!/jdk.jdi" type="simple" />
            <root url="jar://A:/Download softwares/JDK-17.0.2/jdk-17.0.2/lib/src.zip!/jdk.jfr" type="simple" />
            <root url="jar://A:/Download softwares/JDK-17.0.2/jdk-17.0.2/lib/src.zip!/jdk.net" type="simple" />
            <root url="jar://A:/Download softwares/JDK-17.0.2/jdk-17.0.2/lib/src.zip!/java.rmi" type="simple" />
            <root url="jar://A:/Download softwares/JDK-17.0.2/jdk-17.0.2/lib/src.zip!/java.sql" type="simple" />
            <root url="jar://A:/Download softwares/JDK-17.0.2/jdk-17.0.2/lib/src.zip!/java.xml" type="simple" />
            <root url="jar://A:/Download softwares/JDK-17.0.2/jdk-17.0.2/lib/src.zip!/jdk.jcmd" type="simple" />
            <root url="jar://A:/Download softwares/JDK-17.0.2/jdk-17.0.2/lib/src.zip!/jdk.sctp" type="simple" />
            <root url="jar://A:/Download softwares/JDK-17.0.2/jdk-17.0.2/lib/src.zip!/java.base" type="simple" />
            <root url="jar://A:/Download softwares/JDK-17.0.2/jdk-17.0.2/lib/src.zip!/jdk.jdeps" type="simple" />
            <root url="jar://A:/Download softwares/JDK-17.0.2/jdk-17.0.2/lib/src.zip!/jdk.jlink" type="simple" />
            <root url="jar://A:/Download softwares/JDK-17.0.2/jdk-17.0.2/lib/src.zip!/jdk.zipfs" type="simple" />
            <root url="jar://A:/Download softwares/JDK-17.0.2/jdk-17.0.2/lib/src.zip!/java.prefs" type="simple" />
            <root url="jar://A:/Download softwares/JDK-17.0.2/jdk-17.0.2/lib/src.zip!/jdk.attach" type="simple" />
            <root url="jar://A:/Download softwares/JDK-17.0.2/jdk-17.0.2/lib/src.zip!/jdk.jshell" type="simple" />
            <root url="jar://A:/Download softwares/JDK-17.0.2/jdk-17.0.2/lib/src.zip!/jdk.jstatd" type="simple" />
            <root url="jar://A:/Download softwares/JDK-17.0.2/jdk-17.0.2/lib/src.zip!/jdk.random" type="simple" />
            <root url="jar://A:/Download softwares/JDK-17.0.2/jdk-17.0.2/lib/src.zip!/java.naming" type="simple" />
            <root url="jar://A:/Download softwares/JDK-17.0.2/jdk-17.0.2/lib/src.zip!/jdk.editpad" type="simple" />
            <root url="jar://A:/Download softwares/JDK-17.0.2/jdk-17.0.2/lib/src.zip!/jdk.jartool" type="simple" />
            <root url="jar://A:/Download softwares/JDK-17.0.2/jdk-17.0.2/lib/src.zip!/jdk.javadoc" type="simple" />
            <root url="jar://A:/Download softwares/JDK-17.0.2/jdk-17.0.2/lib/src.zip!/jdk.xml.dom" type="simple" />
            <root url="jar://A:/Download softwares/JDK-17.0.2/jdk-17.0.2/lib/src.zip!/java.desktop" type="simple" />
            <root url="jar://A:/Download softwares/JDK-17.0.2/jdk-17.0.2/lib/src.zip!/java.logging" type="simple" />
            <root url="jar://A:/Download softwares/JDK-17.0.2/jdk-17.0.2/lib/src.zip!/jdk.charsets" type="simple" />
            <root url="jar://A:/Download softwares/JDK-17.0.2/jdk-17.0.2/lib/src.zip!/jdk.compiler" type="simple" />
            <root url="jar://A:/Download softwares/JDK-17.0.2/jdk-17.0.2/lib/src.zip!/jdk.dynalink" type="simple" />
            <root url="jar://A:/Download softwares/JDK-17.0.2/jdk-17.0.2/lib/src.zip!/jdk.jconsole" type="simple" />
            <root url="jar://A:/Download softwares/JDK-17.0.2/jdk-17.0.2/lib/src.zip!/jdk.jpackage" type="simple" />
            <root url="jar://A:/Download softwares/JDK-17.0.2/jdk-17.0.2/lib/src.zip!/jdk.jsobject" type="simple" />
            <root url="jar://A:/Download softwares/JDK-17.0.2/jdk-17.0.2/lib/src.zip!/java.compiler" type="simple" />
            <root url="jar://A:/Download softwares/JDK-17.0.2/jdk-17.0.2/lib/src.zip!/java.net.http" type="simple" />
            <root url="jar://A:/Download softwares/JDK-17.0.2/jdk-17.0.2/lib/src.zip!/jdk.crypto.ec" type="simple" />
            <root url="jar://A:/Download softwares/JDK-17.0.2/jdk-17.0.2/lib/src.zip!/java.scripting" type="simple" />
            <root url="jar://A:/Download softwares/JDK-17.0.2/jdk-17.0.2/lib/src.zip!/jdk.httpserver" type="simple" />
            <root url="jar://A:/Download softwares/JDK-17.0.2/jdk-17.0.2/lib/src.zip!/jdk.jdwp.agent" type="simple" />
            <root url="jar://A:/Download softwares/JDK-17.0.2/jdk-17.0.2/lib/src.zip!/jdk.localedata" type="simple" />
            <root url="jar://A:/Download softwares/JDK-17.0.2/jdk-17.0.2/lib/src.zip!/jdk.management" type="simple" />
            <root url="jar://A:/Download softwares/JDK-17.0.2/jdk-17.0.2/lib/src.zip!/jdk.naming.dns" type="simple" />
            <root url="jar://A:/Download softwares/JDK-17.0.2/jdk-17.0.2/lib/src.zip!/jdk.naming.rmi" type="simple" />
            <root url="jar://A:/Download softwares/JDK-17.0.2/jdk-17.0.2/lib/src.zip!/java.instrument" type="simple" />
            <root url="jar://A:/Download softwares/JDK-17.0.2/jdk-17.0.2/lib/src.zip!/java.management" type="simple" />
            <root url="jar://A:/Download softwares/JDK-17.0.2/jdk-17.0.2/lib/src.zip!/java.sql.rowset" type="simple" />
            <root url="jar://A:/Download softwares/JDK-17.0.2/jdk-17.0.2/lib/src.zip!/java.xml.crypto" type="simple" />
            <root url="jar://A:/Download softwares/JDK-17.0.2/jdk-17.0.2/lib/src.zip!/jdk.internal.ed" type="simple" />
            <root url="jar://A:/Download softwares/JDK-17.0.2/jdk-17.0.2/lib/src.zip!/jdk.internal.le" type="simple" />
            <root url="jar://A:/Download softwares/JDK-17.0.2/jdk-17.0.2/lib/src.zip!/jdk.nio.mapmode" type="simple" />
            <root url="jar://A:/Download softwares/JDK-17.0.2/jdk-17.0.2/lib/src.zip!/jdk.unsupported" type="simple" />
            <root url="jar://A:/Download softwares/JDK-17.0.2/jdk-17.0.2/lib/src.zip!/java.smartcardio" type="simple" />
            <root url="jar://A:/Download softwares/JDK-17.0.2/jdk-17.0.2/lib/src.zip!/jdk.internal.opt" type="simple" />
            <root url="jar://A:/Download softwares/JDK-17.0.2/jdk-17.0.2/lib/src.zip!/java.datatransfer" type="simple" />
            <root url="jar://A:/Download softwares/JDK-17.0.2/jdk-17.0.2/lib/src.zip!/jdk.accessibility" type="simple" />
            <root url="jar://A:/Download softwares/JDK-17.0.2/jdk-17.0.2/lib/src.zip!/jdk.crypto.mscapi" type="simple" />
            <root url="jar://A:/Download softwares/JDK-17.0.2/jdk-17.0.2/lib/src.zip!/jdk.hotspot.agent" type="simple" />
            <root url="jar://A:/Download softwares/JDK-17.0.2/jdk-17.0.2/lib/src.zip!/jdk.security.auth" type="simple" />
            <root url="jar://A:/Download softwares/JDK-17.0.2/jdk-17.0.2/lib/src.zip!/jdk.security.jgss" type="simple" />
            <root url="jar://A:/Download softwares/JDK-17.0.2/jdk-17.0.2/lib/src.zip!/java.security.jgss" type="simple" />
            <root url="jar://A:/Download softwares/JDK-17.0.2/jdk-17.0.2/lib/src.zip!/java.security.sasl" type="simple" />
            <root url="jar://A:/Download softwares/JDK-17.0.2/jdk-17.0.2/lib/src.zip!/jdk.internal.vm.ci" type="simple" />
            <root url="jar://A:/Download softwares/JDK-17.0.2/jdk-17.0.2/lib/src.zip!/jdk.management.jfr" type="simple" />
            <root url="jar://A:/Download softwares/JDK-17.0.2/jdk-17.0.2/lib/src.zip!/java.management.rmi" type="simple" />
            <root url="jar://A:/Download softwares/JDK-17.0.2/jdk-17.0.2/lib/src.zip!/java.transaction.xa" type="simple" />
            <root url="jar://A:/Download softwares/JDK-17.0.2/jdk-17.0.2/lib/src.zip!/jdk.crypto.cryptoki" type="simple" />
            <root url="jar://A:/Download softwares/JDK-17.0.2/jdk-17.0.2/lib/src.zip!/jdk.incubator.vector" type="simple" />
            <root url="jar://A:/Download softwares/JDK-17.0.2/jdk-17.0.2/lib/src.zip!/jdk.internal.jvmstat" type="simple" />
            <root url="jar://A:/Download softwares/JDK-17.0.2/jdk-17.0.2/lib/src.zip!/jdk.management.agent" type="simple" />
            <root url="jar://A:/Download softwares/JDK-17.0.2/jdk-17.0.2/lib/src.zip!/jdk.incubator.foreign" type="simple" />
            <root url="jar://A:/Download softwares/JDK-17.0.2/jdk-17.0.2/lib/src.zip!/jdk.unsupported.desktop" type="simple" />
            <root url="jar://A:/Download softwares/JDK-17.0.2/jdk-17.0.2/lib/src.zip!/jdk.internal.vm.compiler" type="simple" />
            <root url="jar://A:/Download softwares/JDK-17.0.2/jdk-17.0.2/lib/src.zip!/jdk.internal.vm.compiler.management" type="simple" />
          </root>
        </sourcePath>
      </roots>
      <additional />
    </jdk>
  </component>
</application>