<application>
  <component name="LogHighlightingSettings">
    <highlightingPatterns>
      <LogHighlightingPattern pattern="^\s*e(rror)?\s*$" action="HIGHLIGHT_LINE" fg="-65536" bold="true" stripe="true" uuid="de2d3bb2-78c9-4beb-835e-d483c35c07b6" />
      <LogHighlightingPattern pattern="^\s*w(arn(ing)?)?\s*$" action="HIGHLIGHT_LINE" fg="-22016" bold="true" uuid="11ff1574-2118-4722-905a-61bec89b079e" />
      <LogHighlightingPattern pattern="^\s*i(nfo)?\s*$" action="HIGHLIGHT_LINE" fg="-16187646" bold="true" uuid="bf190af6-cca9-4797-a0e5-9fe61ccbe600" />
      <LogHighlightingPattern pattern="^\s*f(etal)\s*$" action="HIGHLIGHT_LINE" fg="-65528" bold="true" stripe="true" uuid="46e7ba09-9baa-4d06-9baf-26d2c7bf9f53" />
      <LogHighlightingPattern pattern="^\s*d(ebug)?\s*$" action="HIGHLIGHT_LINE" fg="-16655367" bold="true" stripe="true" uuid="42550b33-7984-4cfb-b924-b93913505f22" />
      <LogHighlightingPattern pattern="^\s*t(race)?\s*$" action="HIGHLIGHT_LINE" fg="-1" bold="true" stripe="true" uuid="28fbe384-e24d-40a5-8544-d9b3ed61b332" />
    </highlightingPatterns>
    <parsingPatterns>
      <LogParsingPattern name="Pipe-separated" pattern="^(?s)([^|]*)\|([^|]*)\|([^|]*)\|(.*)$" timePattern="HH:mm:ss.SSS" linePattern="^\d" timeId="0" severityId="1" categoryId="2" uuid="b5772998-bf1e-4d9d-ab41-da0b86451163" />
      <LogParsingPattern name="IntelliJ IDEA" pattern="^([^\[]+)(\[[\s\d]+])\s*(\w*)\s*-\s*(\S*)\s*-(.+)$" timePattern="yyyy-MM-dd HH:mm:ss,SSS" linePattern="^\d" timeId="0" severityId="2" categoryId="3" uuid="8a0e8992-94cb-4f4c-8be2-42b03609626b" />
      <LogParsingPattern name="TeamCity build log" pattern="^\[([^]]+)](.):\s*(\[[^]]+])?(.*)$" timePattern="HH:mm:ss" linePattern="^\[" timeId="0" severityId="1" categoryId="2" uuid="e9fa2755-8390-42f5-a41e-a909c58c8cf9" />
      <LogParsingPattern name="All" pattern="^(.*?)(\s(.*?))?(\s(.*?))?(\s(.*?))?(\s(.*?))?(\s(.*?))?(\s(.*?))?$" uuid="db0779ce-9fd3-11ec-b909-0242ac120002" />
    </parsingPatterns>
    <settingsVersion>6</settingsVersion>
    <lastAddedDefaultFormat>b5772998-bf1e-4d9d-ab41-da0b86451163,8a0e8992-94cb-4f4c-8be2-42b03609626b,e9fa2755-8390-42f5-a41e-a909c58c8cf9,db0779ce-9fd3-11ec-b909-0242ac120002</lastAddedDefaultFormat>
  </component>
</application>