<application>
  <component name="Translation.Cache">
    <option name="lastTrimTime" value="1705129727858" />
  </component>
  <component name="Translation.Settings">
    <option name="aliTranslateSettings">
      <app-key>
        <option name="appId" value="LTAI5tNmFTmiojgvz6ZjvaSu" />
      </app-key>
    </option>
    <option name="baiduTranslateSettings">
      <app-key>
        <option name="appId" value="20230205001550788" />
      </app-key>
    </option>
    <option name="keepFormat" value="true" />
    <option name="primaryLanguage" value="CHINESE" />
    <option name="translator" value="MICROSOFT" />
    <option name="youdaoTranslateSettings">
      <youdao-translate>
        <option name="appId" value=" 2529fdfe2508359f" />
      </youdao-translate>
    </option>
  </component>
  <component name="Translation.States">
    <histories>
      <item value="Do not try to strip off a path..." />
      <item value="Quick path for equal scale and non-inflated case." />
      <item value="A compiled representation of a regular expression.&#10;A regular expression, specified as a string, must first be compiled into an instance of this class. The resulting pattern can then be used to create a Matcher object that can match arbitrary character sequences against the regular expression. All of the state involved in performing a match resides in the matcher, so many matchers can share the same pattern.&#10;A typical invocation sequence is thus&#10;   Pattern p = Pattern.compile(&quot;ab&quot;);&#10;   Matcher m = p.matcher(&quot;aaaaab&quot;);&#10;   boolean b = m.matches();&#10;A matches method is defined by this class as a convenience for when a regular expression is used just once. This method compiles an expression and matches an input sequence against it in a single invocation. The statement&#10;   boolean b = Pattern.matches(&quot;ab&quot;, &quot;aaaaab&quot;);&#10;is equivalent to the three statements above, though for repeated matches it is less efficient since it does not allow the compiled pattern to be reused.&#10;Instances of this class are immutable and are safe for use by multiple concurrent threads. Instances of the Matcher class are not safe for such use" />
      <item value="This is a special string datatype that is defined by Java EE as a base type for defining collapsed strings. When schemas require trailingleading space elimination as well as collapsing the existing whitespace, this base type may be used." />
      <item value="The context instance was injected without an explicit parent -&gt;&#10;&#9;&#9;&#9;&#9;&#9;&#9; determine parent for root web application context, if any." />
      <item value="This class implements the java.util.Random API (and subclasses&#10;      Random) using a single static instance that accesses 64 bits of&#10;      random number state held in class java.lang.Thread (field&#10;      threadLocalRandomSeed). In doing so, it also provides a home&#10;      for managing package-private utilities that rely on exactly the&#10;      same state as needed to maintain the ThreadLocalRandom&#10;      instances. We leverage the need for an initialization flag&#10;      field to also use it as a &quot;probe&quot; -- a self-adjusting thread&#10;      hash used for contention avoidance, as well as a secondary&#10;      simpler (xorShift) random seed that is conservatively used to&#10;      avoid otherwise surprising users by hijacking the&#10;      ThreadLocalRandom sequence.  The dual use is a marriage of&#10;      convenience, but is a simple and efficient way of reducing&#10;      application-level overhead and footprint of most concurrent&#10;      programs. Even more opportunistically, we also define here&#10;      other package-private utilities that access Thread class&#10;      fields.&#10;     &#10;      Even though this class subclasses java.util.Random, it uses the&#10;      same basic algorithm as java.util.SplittableRandom.  (See its&#10;      internal documentation for explanations, which are not repeated&#10;      here.)  Note that ThreadLocalRandom is not a &quot;splittable&quot; generator&#10;      (it does not support the split method), but it behaves as if&#10;      one instance of the SplittableRandom algorithm had been&#10;      created for each thread, each with a distinct gamma parameter&#10;      (calculated from the thread id).&#10;     &#10;      Because this class is in a different package than class Thread,&#10;      field access methods use Unsafe to bypass access control rules.&#10;      To conform to the requirements of the Random superclass&#10;      constructor, the common static ThreadLocalRandom maintains an&#10;      &quot;initialized&quot; field for the sake of rejecting user calls to&#10;      setSeed while still allowing a call from constructor.  Note&#10;      that serialization is completely unnecessary because there is&#10;      only a static singleton.  But we generate a serial form&#10;      containing &quot;rnd&quot; and &quot;initialized&quot; fields to ensure&#10;      compatibility across versions.&#10;     &#10;      Implementations of non-core methods are mostly the same as in&#10;      SplittableRandom, that were in part derived from a previous&#10;      version of this class.&#10;     &#10;      This implementation of ThreadLocalRandom overrides the&#10;      definition of the nextGaussian() method in the class Random,&#10;      and instead uses the ziggurat-based algorithm that is the&#10;      default for the RandomGenerator interface." />
      <item value="request" />
    </histories>
    <option name="languageScores">
      <map>
        <entry key="CHINESE" value="4" />
        <entry key="ENGLISH" value="5" />
      </map>
    </option>
  </component>
</application>