<keymap version="1" name="Windows 副本" parent="$default">
  <action id="$Redo">
    <keyboard-shortcut first-keystroke="shift ctrl z" />
    <keyboard-shortcut first-keystroke="shift alt back_space" />
    <keyboard-shortcut first-keystroke="ctrl y" />
  </action>
  <action id="ActivateDebugToolWindow">
    <keyboard-shortcut first-keystroke="ctrl alt r" />
  </action>
  <action id="ActivateRunToolWindow">
    <keyboard-shortcut first-keystroke="ctrl r" />
  </action>
  <action id="Arrangement.Alias.Rule.Match.Condition.Move.Down" />
  <action id="Arrangement.Rule.Group.Condition.Move.Down" />
  <action id="Arrangement.Rule.Group.Condition.Move.Up" />
  <action id="Arrangement.Rule.Match.Condition.Move.Down" />
  <action id="Arrangement.Rule.Match.Condition.Move.Up" />
  <action id="ChooseRunConfiguration">
    <keyboard-shortcut first-keystroke="alt r" />
  </action>
  <action id="CompareTwoFiles" />
  <action id="Console.TableResult.NextPage" />
  <action id="Diff.ApplyLeftSide" />
  <action id="Diff.ShowDiff" />
  <action id="EditorCreateRectangularSelectionOnMouseDrag">
    <mouse-shortcut keystroke="alt button1" />
  </action>
  <action id="EditorDeleteLine">
    <keyboard-shortcut first-keystroke="ctrl d" />
  </action>
  <action id="EditorDuplicate">
    <keyboard-shortcut first-keystroke="ctrl alt down" />
  </action>
  <action id="EditorPasteFromX11" />
  <action id="FileChooser.GotoDesktop" />
  <action id="GotoDeclaration">
    <keyboard-shortcut first-keystroke="ctrl b" />
    <mouse-shortcut keystroke="control button1" />
  </action>
  <action id="GotoFile" />
  <action id="GuiDesigner.Duplicate" />
  <action id="MethodDown" />
  <action id="MethodUp" />
  <action id="MoveLineDown">
    <keyboard-shortcut first-keystroke="alt down" />
  </action>
  <action id="MoveLineUp">
    <keyboard-shortcut first-keystroke="alt up" />
  </action>
  <action id="MoveStatementDown" />
  <action id="MoveStatementUp" />
  <action id="NewClass">
    <keyboard-shortcut first-keystroke="shift ctrl n" />
  </action>
  <action id="NextOccurence" />
  <action id="Replace" />
  <action id="Run">
    <keyboard-shortcut first-keystroke="shift f10" />
    <mouse-shortcut keystroke="button2" />
  </action>
  <action id="RunDashboard.CopyConfiguration" />
  <action id="SendEOF" />
  <action id="ShowContent" />
  <action id="ShowSearchHistory" />
  <action id="UsageFiltering.ReadAccess" />
  <action id="UsageView.ShowRecentFindUsages" />
  <action id="XDebugger.CopyWatch" />
  <action id="openAssertEqualsDiff" />
  <action id="编辑器Redo">
    <keyboard-shortcut first-keystroke="ctrl y" />
  </action>
</keymap>