<?xml version="1.0" encoding="UTF-8" ?>
<!DOCTYPE configuration
        PUBLIC "-//mybatis.org//DTD Config 3.0//EN"
        "http://mybatis.org/dtd/mybatis-3-config.dtd">
<configuration>
    <!--给 Java 类起别名-->
    <typeAliases>
        <package name="com.huadiao.drivedClass"/>
    </typeAliases>
    <!--配置数据库-->
    <environments default="development">
        <environment id="development">
            <transactionManager type="JDBC"/>
            <dataSource type="POOLED">
                <property name="driver" value="com.mysql.jdbc.Driver"/>
                <property name="url" value="jdbc:mysql:///huadiao?useSSL=false&amp;useServerPrepStmts=true"/>
                <property name="username" value="root"/>
                <property name="password" value="flowerwine"/>
            </dataSource>
        </environment>

    </environments>

    <mappers>
        <!-- 扫描 Mapper-->
        <package name="com.huadiao.Mapper"/>
    </mappers>
</configuration>
