<keymap version="1" name="Windows 副本" parent="$default">
  <action id="$Redo">
    <keyboard-shortcut first-keystroke="ctrl y" />
  </action>
  <action id="$Undo">
    <keyboard-shortcut first-keystroke="ctrl z" />
  </action>
  <action id="Arrangement.Alias.Rule.Match.Condition.Move.Down" />
  <action id="Arrangement.Rule.Group.Condition.Move.Down" />
  <action id="Arrangement.Rule.Group.Condition.Move.Up" />
  <action id="Arrangement.Rule.Match.Condition.Move.Down" />
  <action id="Arrangement.Rule.Match.Condition.Move.Up" />
  <action id="CompareTwoFiles" />
  <action id="Diff.ShowDiff" />
  <action id="EditorCloneCaretAbove">
    <keyboard-shortcut first-keystroke="alt subtract" />
  </action>
  <action id="EditorCloneCaretBelow">
    <keyboard-shortcut first-keystroke="alt add" />
  </action>
  <action id="EditorDeleteLine">
    <keyboard-shortcut first-keystroke="ctrl d" />
  </action>
  <action id="EditorDuplicate">
    <keyboard-shortcut first-keystroke="ctrl alt down" />
  </action>
  <action id="FileChooser.GotoDesktop" />
  <action id="MethodDown" />
  <action id="MethodUp" />
  <action id="MoveLineDown">
    <keyboard-shortcut first-keystroke="alt down" />
  </action>
  <action id="MoveLineUp">
    <keyboard-shortcut first-keystroke="alt up" />
  </action>
  <action id="NextOccurence" />
  <action id="RunDashboard.CopyConfiguration" />
  <action id="SendEOF" />
  <action id="ShowContent" />
  <action id="ShowSearchHistory" />
  <action id="UsageView.ShowRecentFindUsages" />
  <action id="XDebugger.CopyWatch" />
  <action id="编辑器Redo">
    <keyboard-shortcut first-keystroke="ctrl y" />
  </action>
</keymap>